{"reg_inform": [[4.973400000000002, 1.655], [4.16, 0.81], [3.4756, 0.9099999999999999], [5.0488, 1.285]], "reg_redun": [[2.6586000000000007, 1.505], [1.6372, 1.08], [5.923799999999999, 2.7], [8.087800000000001, 5.09]]}