{"bi_linear": [[93.95, 100.0], [92.8, 98.75], [84.6128, 90.31], [81.4748, 85.935]], "bi_moon": [[82.8254, 86.25], [79.2874, 85.31], [77.0248, 83.75], [77.575, 82.5]], "bi_circle": [[80.21260000000001, 77.81], [76.65, 73.435], [70.3996, 69.69], [64.5124, 63.44]], "bi_xor": [[72.5878, 70.63], [73.21300000000001, 75.94], [61.8874, 58.125], [59.05020000000001, 56.875]], "bi_spiral": [[65.80019999999999, 68.75], [66.4946, 68.75], [67.14979999999998, 68.28], [65.8562, 67.5]], "multi_three": [[79.9998, 100.0], [75.2164, 98.33], [77.18360000000001, 91.67], [63.6, 80.83]], "multi_four": [[72.83400000000002, 94.17], [70.01639999999999, 82.08500000000001], [60.41700000000001, 76.25], [52.466800000000006, 58.75]], "multi_circles": [[43.824600000000004, 36.565], [43.662, 37.81], [39.24939999999999, 37.185], [37.43820000000001, 36.565]], "reg_inform": [[4.973400000000002, 1.655], [4.16, 0.81], [3.4756, 0.9099999999999999], [5.0488, 1.285]], "reg_redun": [[2.6586000000000007, 1.505], [1.6372, 1.08], [5.923799999999999, 2.7], [8.087800000000001, 5.09]], "cnn_mnist": [[99.87299999999999, 99.88499999999999], [65.733, 80.175], [57.980999999999995, 67.81], [33.09, 17.895]], "cnn_cifar10": [[54.411, 56.375], [36.51200000000001, 36.95], [24.913999999999998, 27.310000000000002], [16.991, 17.075]]}